precinct,offense,number_of_complaints,area,complaints_per_100k_sqft
Precinct 1,GRAND LARCENY,143,47315893.68,0.30222402849900054
Precinct 1,BURGLARY,27,47315893.68,0.0570632781082029
Precinct 1,FELONY ASSAULT,25,47315893.68,0.05283636861870639
Precinct 1,ROBBERY,21,47315893.68,0.044382549639713366
Precinct 1,CRIMINAL MISCHIEF & RELATED OF,20,47315893.68,0.042269094894965116
Precinct 10,GRAND LARCENY,75,27267320.87,0.27505452536965724
Precinct 10,BURGLARY,35,27267320.87,0.12835877850584004
Precinct 10,CRIMINAL MISCHIEF & RELATED OF,21,27267320.87,0.07701526710350402
Precinct 10,ROBBERY,20,27267320.87,0.0733478734319086
Precinct 10,DANGEROUS WEAPONS,11,27267320.87,0.04034133038754973
Precinct 100,MISCELLANEOUS PENAL LAW,35,206987680.75,0.016909218883549425
Precinct 100,GRAND LARCENY,21,206987680.75,0.010145531330129656
Precinct 100,FELONY ASSAULT,16,206987680.75,0.0077299286324797375
Precinct 100,THEFT-FRAUD,9,206987680.75,0.004348084855769853
Precinct 100,DANGEROUS WEAPONS,9,206987680.75,0.004348084855769853
Precinct 101,FELONY ASSAULT,55,84672666.33,0.06495602699653405
Precinct 101,MISCELLANEOUS PENAL LAW,49,84672666.33,0.057869914960548524
Precinct 101,CRIMINAL MISCHIEF & RELATED OF,34,84672666.33,0.04015463487058469
Precinct 101,GRAND LARCENY,26,84672666.33,0.030706485489270643
Precinct 101,ROBBERY,14,84672666.33,0.01653426141729958
Precinct 102,FELONY ASSAULT,51,133314470.84,0.038255411943395594
Precinct 102,MISCELLANEOUS PENAL LAW,51,133314470.84,0.038255411943395594
Precinct 102,GRAND LARCENY,42,133314470.84,0.03150445689456108
Precinct 102,GRAND LARCENY OF MOTOR VEHICLE,37,133314470.84,0.027753926311875232
Precinct 102,BURGLARY,29,133314470.84,0.021753077379577886
Precinct 103,FELONY ASSAULT,89,100921594.95,0.08818727056790336
Precinct 103,GRAND LARCENY,71,100921594.95,0.07035164281259706
Precinct 103,DANGEROUS DRUGS,63,100921594.95,0.062424697143572044
Precinct 103,CRIMINAL MISCHIEF & RELATED OF,53,100921594.95,0.05251601505729077
Precinct 103,ROBBERY,50,100921594.95,0.049543410431406386
Precinct 104,GRAND LARCENY,97,210504683.7,0.046079734804494524
Precinct 104,CRIMINAL MISCHIEF & RELATED OF,63,210504683.7,0.029928075182300562
Precinct 104,FELONY ASSAULT,57,210504683.7,0.027077782307795752
Precinct 104,BURGLARY,51,210504683.7,0.024227489433290932
Precinct 104,MISCELLANEOUS PENAL LAW,44,210504683.7,0.02090214774636865
Precinct 105,GRAND LARCENY,86,347328626.92,0.02476041228234502
Precinct 105,FELONY ASSAULT,70,347328626.92,0.02015382395074595
Precinct 105,MISCELLANEOUS PENAL LAW,68,347328626.92,0.019578000409296064
Precinct 105,CRIMINAL MISCHIEF & RELATED OF,60,347328626.92,0.017274706243496526
Precinct 105,BURGLARY,40,347328626.92,0.011516470828997684
Precinct 106,GRAND LARCENY,89,173080151.29,0.05142126311807894
Precinct 106,CRIMINAL MISCHIEF & RELATED OF,62,173080151.29,0.03582155408225724
Precinct 106,MISCELLANEOUS PENAL LAW,59,173080151.29,0.03408825307827705
Precinct 106,FELONY ASSAULT,50,173080151.29,0.02888835006633648
Precinct 106,GRAND LARCENY OF MOTOR VEHICLE,36,173080151.29,0.02079961204776227
Precinct 107,GRAND LARCENY,54,207501246.61,0.026023940039981236
Precinct 107,BURGLARY,37,207501246.61,0.017831218175542698
Precinct 107,MISCELLANEOUS PENAL LAW,37,207501246.61,0.017831218175542698
Precinct 107,FORGERY,28,207501246.61,0.013493894835545826
Precinct 107,FELONY ASSAULT,22,207501246.61,0.010602345942214576
Precinct 108,GRAND LARCENY,70,139673421.88,0.050116907753674354
Precinct 108,FELONY ASSAULT,43,139673421.88,0.030786100477257102
Precinct 108,GRAND LARCENY OF MOTOR VEHICLE,37,139673421.88,0.026490365526942155
Precinct 108,BURGLARY,33,139673421.88,0.023626542226732192
Precinct 108,MISCELLANEOUS PENAL LAW,30,139673421.88,0.02147867475157472
Precinct 109,GRAND LARCENY,122,322686744.93,0.037807564740989064
Precinct 109,BURGLARY,90,322686744.93,0.02789082644827062
Precinct 109,MISCELLANEOUS PENAL LAW,54,322686744.93,0.016734495868962373
Precinct 109,CRIMINAL MISCHIEF & RELATED OF,49,322686744.93,0.015185005510725116
Precinct 109,GRAND LARCENY OF MOTOR VEHICLE,46,322686744.93,0.01425531129578276
Precinct 110,GRAND LARCENY,91,112105631.29,0.08117344236222801
Precinct 110,FELONY ASSAULT,64,112105631.29,0.05708901440859992
Precinct 110,ROBBERY,43,112105631.29,0.03835668155577807
Precinct 110,BURGLARY,40,112105631.29,0.035680634005374946
Precinct 110,CRIMINAL MISCHIEF & RELATED OF,40,112105631.29,0.035680634005374946
Precinct 111,GRAND LARCENY,64,259702031.96,0.024643626973953534
Precinct 111,BURGLARY,58,259702031.96,0.022333286945145393
Precinct 111,CRIMINAL MISCHIEF & RELATED OF,27,259702031.96,0.01039653012963665
Precinct 111,GRAND LARCENY OF MOTOR VEHICLE,17,259702031.96,0.006545963414956409
Precinct 111,MISCELLANEOUS PENAL LAW,10,259702031.96,0.00385056671468024
Precinct 112,GRAND LARCENY,80,88945075.95,0.08994314653795064
Precinct 112,BURGLARY,20,88945075.95,0.02248578663448766
Precinct 112,FELONY ASSAULT,13,88945075.95,0.014615761312416979
Precinct 112,THEFT-FRAUD,12,88945075.95,0.013491471980692596
Precinct 112,CRIMINAL MISCHIEF & RELATED OF,11,88945075.95,0.012367182648968213
Precinct 113,FELONY ASSAULT,75,386060354.63,0.019427014222136316
Precinct 113,CRIMINAL MISCHIEF & RELATED OF,73,386060354.63,0.018908960509546015
Precinct 113,MISCELLANEOUS PENAL LAW,66,386060354.63,0.01709577251547996
Precinct 113,GRAND LARCENY,62,386060354.63,0.016059665090299356
Precinct 113,BURGLARY,37,386060354.63,0.009583993682920582
Precinct 114,GRAND LARCENY,125,179955560.12,0.06946159369382422
Precinct 114,BURGLARY,84,179955560.12,0.046678190962249885
Precinct 114,FELONY ASSAULT,59,179955560.12,0.03278587222348504
Precinct 114,MISCELLANEOUS PENAL LAW,59,179955560.12,0.03278587222348504
Precinct 114,CRIMINAL MISCHIEF & RELATED OF,53,179955560.12,0.029451715726181472
Precinct 115,GRAND LARCENY,88,113342670.87,0.0776406620071031
Precinct 115,FELONY ASSAULT,66,113342670.87,0.05823049650532732
Precinct 115,MISCELLANEOUS PENAL LAW,55,113342670.87,0.04852541375443943
Precinct 115,ROBBERY,50,113342670.87,0.04411401250403585
Precinct 115,CRIMINAL MISCHIEF & RELATED OF,41,113342670.87,0.0361734902533094
Precinct 120,MISCELLANEOUS PENAL LAW,80,232394745.25,0.034424186275786715
Precinct 120,FELONY ASSAULT,52,232394745.25,0.022375721079261366
Precinct 120,CRIMINAL MISCHIEF & RELATED OF,35,232394745.25,0.01506058149565669
Precinct 120,GRAND LARCENY,34,232394745.25,0.014630279167209354
Precinct 120,THEFT-FRAUD,32,232394745.25,0.013769674510314687
Precinct 121,GRAND LARCENY,53,475608662.66,0.011143615363012909
Precinct 121,MISCELLANEOUS PENAL LAW,47,475608662.66,0.00988207400116239
Precinct 121,FELONY ASSAULT,36,475608662.66,0.007569248171103107
Precinct 121,THEFT-FRAUD,30,475608662.66,0.006307706809252589
Precinct 121,CRIMINAL MISCHIEF & RELATED OF,28,475608662.66,0.0058871930219690834
Precinct 122,GRAND LARCENY,61,454803344.6,0.013412390371414167
Precinct 122,MISCELLANEOUS PENAL LAW,40,454803344.6,0.008795010079615848
Precinct 122,CRIMINAL MISCHIEF & RELATED OF,26,454803344.6,0.005716756551750301
Precinct 122,FELONY ASSAULT,20,454803344.6,0.004397505039807924
Precinct 122,THEFT-FRAUD,18,454803344.6,0.003957754535827132
Precinct 123,THEFT-FRAUD,39,460870016.29,0.00846225586857433
Precinct 123,GRAND LARCENY,35,460870016.29,0.007594332189746195
Precinct 123,MISCELLANEOUS PENAL LAW,11,460870016.29,0.0023867901167773753
Precinct 123,BURGLARY,10,460870016.29,0.0021698091970703414
Precinct 123,CRIMINAL MISCHIEF & RELATED OF,6,460870016.29,0.0013018855182422048
Precinct 13,GRAND LARCENY,121,29508893.74,0.41004586978461227
Precinct 13,BURGLARY,48,29508893.74,0.16266282437736684
Precinct 13,FELONY ASSAULT,34,29508893.74,0.11521950060063485
Precinct 13,CRIMINAL MISCHIEF & RELATED OF,28,29508893.74,0.094886647553464
Precinct 13,ROBBERY,26,29508893.74,0.08810902987107372
Precinct 14,GRAND LARCENY,207,20510163.83,1.0092557120251926
Precinct 14,BURGLARY,92,20510163.83,0.44855809423341897
Precinct 14,ROBBERY,77,20510163.83,0.3754236223475354
Precinct 14,FELONY ASSAULT,74,20510163.83,0.3607967279703587
Precinct 14,CRIMINAL MISCHIEF & RELATED OF,56,20510163.83,0.2730353617072985
Precinct 17,GRAND LARCENY,99,22269686.99,0.44455047816547694
Precinct 17,BURGLARY,33,22269686.99,0.14818349272182563
Precinct 17,FELONY ASSAULT,23,22269686.99,0.10327940401824211
Precinct 17,THEFT-FRAUD,19,22269686.99,0.08531776853680871
Precinct 17,CRIMINAL MISCHIEF & RELATED OF,18,22269686.99,0.08082735966645035
Precinct 18,GRAND LARCENY,198,32261097.6,0.6137422925127011
Precinct 18,BURGLARY,39,32261097.6,0.12088863337371385
Precinct 18,CRIMINAL MISCHIEF & RELATED OF,36,32261097.6,0.11158950772958201
Precinct 18,FELONY ASSAULT,30,32261097.6,0.09299125644131834
Precinct 18,MISCELLANEOUS PENAL LAW,16,32261097.6,0.04959533676870312
Precinct 19,GRAND LARCENY,222,48744673.58,0.45543437609783666
Precinct 19,BURGLARY,56,48744673.58,0.1148843471237786
Precinct 19,ROBBERY,32,48744673.58,0.06564819835644492
Precinct 19,MISCELLANEOUS PENAL LAW,20,48744673.58,0.041030123972778075
Precinct 19,FELONY ASSAULT,20,48744673.58,0.041030123972778075
Precinct 20,GRAND LARCENY,98,27671000.15,0.35416139448794015
Precinct 20,BURGLARY,24,27671000.15,0.08673340273174045
Precinct 20,ROBBERY,22,27671000.15,0.07950561917076207
Precinct 20,GRAND LARCENY OF MOTOR VEHICLE,12,27671000.15,0.043366701365870224
Precinct 20,CRIMINAL MISCHIEF & RELATED OF,10,27671000.15,0.03613891780489185
Precinct 22,GRAND LARCENY,4,38301388.66,0.010443485575700275
Precinct 22,ROBBERY,2,38301388.66,0.005221742787850137
Precinct 22,FELONY ASSAULT,1,38301388.66,0.0026108713939250686
Precinct 23,GRAND LARCENY,45,21467755.11,0.209616700812086
Precinct 23,FELONY ASSAULT,37,21467755.11,0.17235150955660403
Precinct 23,ROBBERY,20,21467755.11,0.09316297813870489
Precinct 23,MISCELLANEOUS PENAL LAW,19,21467755.11,0.08850482923176964
Precinct 23,DANGEROUS WEAPONS,15,21467755.11,0.06987223360402865
Precinct 24,GRAND LARCENY,68,25479873.37,0.2668773074832593
Precinct 24,BURGLARY,34,25479873.37,0.13343865374162964
Precinct 24,FELONY ASSAULT,18,25479873.37,0.07064399315733333
Precinct 24,ROBBERY,17,25479873.37,0.06671932687081482
Precinct 24,THEFT-FRAUD,11,25479873.37,0.043171329151703706
Precinct 25,FORGERY,92,44793124.96,0.20538866194791155
Precinct 25,DANGEROUS DRUGS,48,44793124.96,0.10715930188586689
Precinct 25,GRAND LARCENY,45,44793124.96,0.10046184551800022
Precinct 25,FELONY ASSAULT,35,44793124.96,0.07813699095844462
Precinct 25,DANGEROUS WEAPONS,31,44793124.96,0.06920704913462238
Precinct 26,GRAND LARCENY,30,23836010.53,0.1258599880304718
Precinct 26,FELONY ASSAULT,16,23836010.53,0.06712532694958497
Precinct 26,ROBBERY,11,23836010.53,0.04614866227783966
Precinct 26,BURGLARY,10,23836010.53,0.0419533293434906
Precinct 26,MISCELLANEOUS PENAL LAW,10,23836010.53,0.0419533293434906
Precinct 28,GRAND LARCENY,49,15289544.6,0.3204804412552615
Precinct 28,DANGEROUS DRUGS,42,15289544.6,0.27469752107593837
Precinct 28,ROBBERY,33,15289544.6,0.21583376655966588
Precinct 28,BURGLARY,33,15289544.6,0.21583376655966588
Precinct 28,FELONY ASSAULT,25,15289544.6,0.1635104292118681
Precinct 30,GRAND LARCENY,57,18845037.81,0.3024668911502704
Precinct 30,FELONY ASSAULT,38,18845037.81,0.2016445941001803
Precinct 30,BURGLARY,37,18845037.81,0.19633815741333344
Precinct 30,ROBBERY,25,18845037.81,0.13266091717117123
Precinct 30,DANGEROUS DRUGS,20,18845037.81,0.10612873373693699
Precinct 32,FELONY ASSAULT,77,23009990.36,0.3346372544938346
Precinct 32,GRAND LARCENY,51,23009990.36,0.22164285687253976
Precinct 32,BURGLARY,38,23009990.36,0.16514565806189238
Precinct 32,MISCELLANEOUS PENAL LAW,29,23009990.36,0.1260322127314442
Precinct 32,ROBBERY,18,23009990.36,0.0782268906608964
Precinct 33,FELONY ASSAULT,65,25865037.87,0.251304484171629
Precinct 33,GRAND LARCENY,56,25865037.87,0.21650847867094192
Precinct 33,BURGLARY,45,25865037.87,0.17398002750343547
Precinct 33,DANGEROUS DRUGS,43,25865037.87,0.16624758183661612
Precinct 33,ROBBERY,39,25865037.87,0.15078269050297738
Precinct 34,GRAND LARCENY,121,52104582.79,0.23222525451873022
Precinct 34,FELONY ASSAULT,56,52104582.79,0.10747615085164375
Precinct 34,GRAND LARCENY OF MOTOR VEHICLE,38,52104582.79,0.07293024522075825
Precinct 34,ROBBERY,38,52104582.79,0.07293024522075825
Precinct 34,CRIMINAL MISCHIEF & RELATED OF,35,52104582.79,0.06717259428227733
Precinct 40,GRAND LARCENY,122,60400894.81,0.20198376263094966
Precinct 40,FELONY ASSAULT,114,60400894.81,0.1887389257371169
Precinct 40,ROBBERY,63,60400894.81,0.10430309053893302
Precinct 40,CRIMINAL MISCHIEF & RELATED OF,54,60400894.81,0.08940264903337115
Precinct 40,DANGEROUS DRUGS,40,60400894.81,0.06622418446916382
Precinct 41,GRAND LARCENY,57,62139100.54,0.09172968308948748
Precinct 41,FELONY ASSAULT,52,62139100.54,0.08368321966058506
Precinct 41,ROBBERY,40,62139100.54,0.06437170743121928
Precinct 41,GRAND LARCENY OF MOTOR VEHICLE,25,62139100.54,0.04023231714451205
Precinct 41,BURGLARY,25,62139100.54,0.04023231714451205
Precinct 42,FELONY ASSAULT,118,44818131.9,0.2632862973032573
Precinct 42,ROBBERY,63,44818131.9,0.14056810788224755
Precinct 42,GRAND LARCENY,61,44818131.9,0.1361056282669381
Precinct 42,BURGLARY,45,44818131.9,0.10040579134446254
Precinct 42,GRAND LARCENY OF MOTOR VEHICLE,40,44818131.9,0.08924959230618891
Precinct 43,FELONY ASSAULT,127,113325976.68,0.11206609792440748
Precinct 43,GRAND LARCENY,115,113325976.68,0.1014771752858808
Precinct 43,GRAND LARCENY OF MOTOR VEHICLE,63,113325976.68,0.055591843852265135
Precinct 43,ROBBERY,52,113325976.68,0.045885331433615666
Precinct 43,MISCELLANEOUS PENAL LAW,48,113325976.68,0.04235569055410677
Precinct 44,FELONY ASSAULT,165,55518898.07,0.2971961003115781
Precinct 44,GRAND LARCENY,103,55518898.07,0.18552241413389423
Precinct 44,ROBBERY,80,55518898.07,0.14409507893894696
Precinct 44,BURGLARY,64,55518898.07,0.11527606315115757
Precinct 44,DANGEROUS DRUGS,43,55518898.07,0.07745110492968399
Precinct 45,GRAND LARCENY,75,271932559.55,0.027580367766225435
Precinct 45,FELONY ASSAULT,39,271932559.55,0.01434179123843723
Precinct 45,ROBBERY,35,271932559.55,0.012870838290905203
Precinct 45,GRAND LARCENY OF MOTOR VEHICLE,35,271932559.55,0.012870838290905203
Precinct 45,BURGLARY,29,271932559.55,0.01066440886960717
Precinct 46,GRAND LARCENY,111,38323373.38,0.2896404731894716
Precinct 46,FELONY ASSAULT,111,38323373.38,0.2896404731894716
Precinct 46,ROBBERY,68,38323373.38,0.17743740699895558
Precinct 46,MISCELLANEOUS PENAL LAW,60,38323373.38,0.1565624179402549
Precinct 46,BURGLARY,47,38323373.38,0.12264056071986634
Precinct 47,FELONY ASSAULT,125,160530329.31,0.07786690561047352
Precinct 47,GRAND LARCENY OF MOTOR VEHICLE,107,160530329.31,0.06665407120256533
Precinct 47,GRAND LARCENY,81,160530329.31,0.050457754835586836
Precinct 47,ROBBERY,72,160530329.31,0.044851337631632744
Precinct 47,MISCELLANEOUS PENAL LAW,59,160530329.31,0.0367531794481435
Precinct 48,FELONY ASSAULT,93,43057143.45,0.2159920341859093
Precinct 48,GRAND LARCENY,75,43057143.45,0.17418712434347522
Precinct 48,ROBBERY,69,43057143.45,0.1602521543959972
Precinct 48,BURGLARY,51,43057143.45,0.11844724455356313
Precinct 48,CRIMINAL MISCHIEF & RELATED OF,37,43057143.45,0.08593231467611444
Precinct 49,GRAND LARCENY,63,105809974.13,0.05954070069292059
Precinct 49,FELONY ASSAULT,55,105809974.13,0.051979976795406856
Precinct 49,GRAND LARCENY OF MOTOR VEHICLE,54,105809974.13,0.05103488630821764
Precinct 49,ROBBERY,40,105809974.13,0.03780361948756863
Precinct 49,BURGLARY,33,105809974.13,0.031187986077244115
Precinct 5,GRAND LARCENY,75,18088797.95,0.4146212490587303
Precinct 5,BURGLARY,21,18088797.95,0.11609394973644448
Precinct 5,NYS LAWS-UNCLASSIFIED FELONY,20,18088797.95,0.11056566641566143
Precinct 5,FELONY ASSAULT,17,18088797.95,0.0939808164533122
Precinct 5,CRIMINAL MISCHIEF & RELATED OF,14,18088797.95,0.07739596649096299
Precinct 50,GRAND LARCENY,71,136112620.48,0.05216268686152621
Precinct 50,FELONY ASSAULT,31,136112620.48,0.02277525764376497
Precinct 50,ROBBERY,20,136112620.48,0.014693714608880627
Precinct 50,GRAND LARCENY OF MOTOR VEHICLE,19,136112620.48,0.013959028878436594
Precinct 50,THEFT-FRAUD,15,136112620.48,0.011020285956660469
Precinct 52,GRAND LARCENY,126,80116628.67,0.15727072156142938
Precinct 52,FELONY ASSAULT,103,80116628.67,0.12856257397481927
Precinct 52,ROBBERY,60,80116628.67,0.07489081979115685
Precinct 52,DANGEROUS DRUGS,55,80116628.67,0.06864991814189378
Precinct 52,CRIMINAL MISCHIEF & RELATED OF,46,80116628.67,0.05741629517322025
Precinct 6,GRAND LARCENY,109,22098189.76,0.49325307268969704
Precinct 6,BURGLARY,49,22098189.76,0.22173761983298307
Precinct 6,ROBBERY,36,22098189.76,0.1629092717140284
Precinct 6,FELONY ASSAULT,23,22098189.76,0.10408092359507369
Precinct 6,CRIMINAL MISCHIEF & RELATED OF,20,22098189.76,0.09050515095223799
Precinct 60,FELONY ASSAULT,56,88215710.85,0.06348075582049227
Precinct 60,GRAND LARCENY,51,88215710.85,0.057812831193662595
Precinct 60,FORGERY,45,88215710.85,0.051011321641467
Precinct 60,MISCELLANEOUS PENAL LAW,42,88215710.85,0.0476105668653692
Precinct 60,DANGEROUS DRUGS,23,88215710.85,0.026072453283416466
Precinct 61,GRAND LARCENY,80,134636252.71,0.059419360231538924
Precinct 61,CRIMINAL MISCHIEF & RELATED OF,47,134636252.71,0.034908874136029125
Precinct 61,BURGLARY,45,134636252.71,0.03342339013024065
Precinct 61,FELONY ASSAULT,39,134636252.71,0.02896693811287523
Precinct 61,MISCELLANEOUS PENAL LAW,25,134636252.71,0.018568550072355916
Precinct 62,GRAND LARCENY,121,103208535.21,0.11723836575511845
Precinct 62,FELONY ASSAULT,46,103208535.21,0.04456995722921858
Precinct 62,CRIMINAL MISCHIEF & RELATED OF,40,103208535.21,0.03875648454714659
Precinct 62,MISCELLANEOUS PENAL LAW,36,103208535.21,0.034880836092431936
Precinct 62,BURGLARY,29,103208535.21,0.02809845129668128
Precinct 63,GRAND LARCENY,61,229484178.53,0.026581353185542417
Precinct 63,MISCELLANEOUS PENAL LAW,46,229484178.53,0.020044954861228707
Precinct 63,FELONY ASSAULT,38,229484178.53,0.01655887575492806
Precinct 63,CRIMINAL MISCHIEF & RELATED OF,22,229484178.53,0.009586717542326774
Precinct 63,GRAND LARCENY OF MOTOR VEHICLE,21,229484178.53,0.009150957654039192
Precinct 66,GRAND LARCENY,81,99520789.11,0.0813900298865908
Precinct 66,CRIMINAL MISCHIEF & RELATED OF,40,99520789.11,0.04019260735140286
Precinct 66,FELONY ASSAULT,23,99520789.11,0.023110749227056644
Precinct 66,BURGLARY,22,99520789.11,0.022105934043271575
Precinct 66,GRAND LARCENY OF MOTOR VEHICLE,16,99520789.11,0.016077042940561146
Precinct 67,MISCELLANEOUS PENAL LAW,123,93744758.44,0.13120733579864563
Precinct 67,FELONY ASSAULT,119,93744758.44,0.1269404305694214
Precinct 67,FORGERY,89,93744758.44,0.09493864135023952
Precinct 67,GRAND LARCENY,70,93744758.44,0.07467084151142435
Precinct 67,GRAND LARCENY OF MOTOR VEHICLE,54,93744758.44,0.057603220594527355
Precinct 68,GRAND LARCENY,50,110943389.27,0.04506803003675714
Precinct 68,MISCELLANEOUS PENAL LAW,39,110943389.27,0.03515306342867057
Precinct 68,CRIMINAL MISCHIEF & RELATED OF,31,110943389.27,0.02794217862278943
Precinct 68,DANGEROUS DRUGS,22,110943389.27,0.019829933216173143
Precinct 68,BURGLARY,18,110943389.27,0.016224490813232573
Precinct 69,MISCELLANEOUS PENAL LAW,35,106875035.54,0.03274852712156581
Precinct 69,CRIMINAL MISCHIEF & RELATED OF,26,106875035.54,0.02432747729030603
Precinct 69,GRAND LARCENY,22,106875035.54,0.020584788476412794
Precinct 69,FELONY ASSAULT,20,106875035.54,0.01871344406946618
Precinct 69,GRAND LARCENY OF MOTOR VEHICLE,19,106875035.54,0.01777777186599287
Precinct 7,GRAND LARCENY,72,18364020.9,0.3920709979152769
Precinct 7,BURGLARY,22,18364020.9,0.11979947158522349
Precinct 7,FELONY ASSAULT,21,18364020.9,0.1143540410586224
Precinct 7,CRIMINAL MISCHIEF & RELATED OF,12,18364020.9,0.0653451663192128
Precinct 7,ROBBERY,9,18364020.9,0.04900887473940961
Precinct 70,GRAND LARCENY,86,82181407.82,0.10464654023494435
Precinct 70,MISCELLANEOUS PENAL LAW,73,82181407.82,0.0888278771761737
Precinct 70,FELONY ASSAULT,58,82181407.82,0.07057557364682293
Precinct 70,CRIMINAL MISCHIEF & RELATED OF,51,82181407.82,0.062057831999792576
Precinct 70,ROBBERY,38,82181407.82,0.046239168941021924
Precinct 71,FELONY ASSAULT,66,45331787.17,0.14559320097504994
Precinct 71,GRAND LARCENY,52,45331787.17,0.11470979470761508
Precinct 71,FORGERY,41,45331787.17,0.09044426121177343
Precinct 71,MISCELLANEOUS PENAL LAW,40,45331787.17,0.08823830362124238
Precinct 71,GRAND LARCENY OF MOTOR VEHICLE,31,45331787.17,0.06838468530646284
Precinct 72,GRAND LARCENY,88,104621257.69,0.08411292498580936
Precinct 72,FELONY ASSAULT,41,104621257.69,0.039188976413842995
Precinct 72,BURGLARY,32,104621257.69,0.03058651817665795
Precinct 72,ROBBERY,29,104621257.69,0.027719032097596265
Precinct 72,MISCELLANEOUS PENAL LAW,28,104621257.69,0.026763203404575702
Precinct 73,FELONY ASSAULT,87,51771864.99,0.16804494104433845
Precinct 73,DANGEROUS WEAPONS,66,51771864.99,0.12748236906811883
Precinct 73,GRAND LARCENY,43,51771864.99,0.0830566949989259
Precinct 73,MISCELLANEOUS PENAL LAW,40,51771864.99,0.07726204185946596
Precinct 73,ROBBERY,34,51771864.99,0.06567273558054607
Precinct 75,GRAND LARCENY,187,180384307.54,0.10366755431790152
Precinct 75,FELONY ASSAULT,141,180384307.54,0.07816644469959418
Precinct 75,GRAND LARCENY OF MOTOR VEHICLE,104,180384307.54,0.057654682615303515
Precinct 75,ROBBERY,96,180384307.54,0.05321970702951094
Precinct 75,BURGLARY,78,180384307.54,0.043241011961477636
Precinct 76,FORGERY,20,48239339.96,0.04145993708990209
Precinct 76,GRAND LARCENY,19,48239339.96,0.03938694023540699
Precinct 76,MISCELLANEOUS PENAL LAW,17,48239339.96,0.03524094652641677
Precinct 76,DANGEROUS WEAPONS,15,48239339.96,0.031094952817426566
Precinct 76,DANGEROUS DRUGS,13,48239339.96,0.02694895910843636
Precinct 77,GRAND LARCENY,46,42651832.13,0.10784999776749332
Precinct 77,FELONY ASSAULT,46,42651832.13,0.10784999776749332
Precinct 77,DANGEROUS WEAPONS,32,42651832.13,0.07502608540347361
Precinct 77,MISCELLANEOUS PENAL LAW,32,42651832.13,0.07502608540347361
Precinct 77,CRIMINAL MISCHIEF & RELATED OF,28,42651832.13,0.06564782472803941
Precinct 78,GRAND LARCENY,72,67677111.13,0.1063875197948332
Precinct 78,BURGLARY,21,67677111.13,0.031029693273493017
Precinct 78,FELONY ASSAULT,19,67677111.13,0.028074484390303203
Precinct 78,ROBBERY,16,67677111.13,0.023641671065518486
Precinct 78,MISCELLANEOUS PENAL LAW,10,67677111.13,0.014776044415949055
Precinct 79,GRAND LARCENY,62,44975546.93,0.13785268714240848
Precinct 79,FELONY ASSAULT,54,44975546.93,0.12006524364016222
Precinct 79,MISCELLANEOUS PENAL LAW,48,44975546.93,0.10672466101347752
Precinct 79,ROBBERY,41,44975546.93,0.09116064794901206
Precinct 79,BURGLARY,40,44975546.93,0.08893721751123128
Precinct 81,GRAND LARCENY,61,34485430.76,0.17688629272032907
Precinct 81,MISCELLANEOUS PENAL LAW,46,34485430.76,0.1333896633628711
Precinct 81,CRIMINAL MISCHIEF & RELATED OF,45,34485430.76,0.1304898880723739
Precinct 81,FELONY ASSAULT,44,34485430.76,0.1275901127818767
Precinct 81,BURGLARY,37,34485430.76,0.10729168574839633
Precinct 83,GRAND LARCENY,87,56650181.43,0.153574088915323
Precinct 83,BURGLARY,71,56650181.43,0.12533057831020614
Precinct 83,FELONY ASSAULT,70,56650181.43,0.12356535889738633
Precinct 83,ROBBERY,57,56650181.43,0.10061750653072886
Precinct 83,MISCELLANEOUS PENAL LAW,46,56650181.43,0.08120009298971102
Precinct 84,GRAND LARCENY,97,35462877.45,0.2735254637381378
Precinct 84,BURGLARY,33,35462877.45,0.09305505467379944
Precinct 84,CRIMINAL MISCHIEF & RELATED OF,28,35462877.45,0.07895580396564802
Precinct 84,ROBBERY,23,35462877.45,0.06485655325749659
Precinct 84,FELONY ASSAULT,22,35462877.45,0.0620367031158663
Precinct 88,GRAND LARCENY,38,42391905.68,0.08963975407675044
Precinct 88,ROBBERY,16,42391905.68,0.03774305434810545
Precinct 88,BURGLARY,16,42391905.68,0.03774305434810545
Precinct 88,FELONY ASSAULT,15,42391905.68,0.035384113451348856
Precinct 88,MISCELLANEOUS PENAL LAW,12,42391905.68,0.028307290761079087
Precinct 9,GRAND LARCENY,98,21394233.59,0.458067355335443
Precinct 9,BURGLARY,67,21394233.59,0.31316849803545593
Precinct 9,ROBBERY,26,21394233.59,0.12152807386450529
Precinct 9,FELONY ASSAULT,16,21394233.59,0.07478650699354171
Precinct 9,FORGERY,11,21394233.59,0.05141572355805992
Precinct 90,GRAND LARCENY,57,66154252.97,0.08616226083884385
Precinct 90,BURGLARY,43,66154252.97,0.06499960028193483
Precinct 90,MISCELLANEOUS PENAL LAW,37,66154252.97,0.05592988861468811
Precinct 90,GRAND LARCENY OF MOTOR VEHICLE,28,66154252.97,0.04232532111381803
Precinct 90,FELONY ASSAULT,27,66154252.97,0.040813702502610245
Precinct 94,GRAND LARCENY,79,65627712.59,0.12037597667549607
Precinct 94,BURGLARY,48,65627712.59,0.07313983392941532
Precinct 94,CRIMINAL MISCHIEF & RELATED OF,28,65627712.59,0.04266490312549228
Precinct 94,GRAND LARCENY OF MOTOR VEHICLE,17,65627712.59,0.025903691183334594
Precinct 94,MISCELLANEOUS PENAL LAW,16,65627712.59,0.024379944643138446